Sno,Api,Descriptions,account_question_id1,val1,account_question_id2,val2,account_question_id3,val3,account_question_id4,val4,account_question_id5,val5,account_question_id6,val6,account_question_id7,val7,account_question_id8,val8,account_question_id9,val9,account_question_id10,val10,account_question_id11,val11,account_question_id12,val12,account_question_id13,val13,account_question_id14,val14,account_question_id15,val15,account_question_id16,val16,account_question_id17,val17,account_question_id18,val18,ResponseCode,ResponseText,ResponseMessage
1,valuepropanswer,Discover opportunities using valid data in payload,1,1,2,true,3,2,4,2,5,true,6,2,7,2,8,2,9,2,10,2,11,true,12,true,13,2,14,3,15,2,16,1,17,1,18,3,200,account_question_id,OK
2,valuepropanswer,Discover opportunities using invalid account_question_id1 in payload,abcd,1,2,true,3,2,4,2,5,true,6,2,7,2,8,2,9,2,10,2,11,true,12,true,13,2,14,3,15,2,16,1,17,1,18,3,200,account_question_id,OK
3,valuepropanswer,Discover opportunities without account_question_id1 in payload,,1,2,true,3,2,4,2,5,true,6,2,7,2,8,2,9,2,10,2,11,true,12,true,13,2,14,3,15,2,16,1,17,1,18,3,200,account_question_id,OK
4,valuepropanswer,Discover opportunities using invalid value1 in payload,1,abcd,2,true,3,2,4,2,5,true,6,2,7,2,8,2,9,2,10,2,11,true,12,true,13,2,14,3,15,2,16,1,17,1,18,3,200,account_question_id,OK
5,valuepropanswer,Discover opportunities without value1 in payload,1,,2,true,3,2,4,2,5,true,6,2,7,2,8,2,9,2,10,2,11,true,12,true,13,2,14,3,15,2,16,1,17,1,18,3,200,account_question_id,OK
6,valuepropanswer,Discover opportunities using invalid account_question_id2 in payload,1,1,abcd,true,3,2,4,2,5,true,6,2,7,2,8,2,9,2,10,2,11,true,12,true,13,2,14,3,15,2,16,1,17,1,18,3,200,account_question_id,OK
7,valuepropanswer,Discover opportunities without account_question_id2 in payload,1,1,,true,3,2,4,2,5,true,6,2,7,2,8,2,9,2,10,2,11,true,12,true,13,2,14,3,15,2,16,1,17,1,18,3,200,account_question_id,OK
8,valuepropanswer,Discover opportunities using invalid value2 in payload,1,1,2,abcd,3,2,4,2,5,true,6,2,7,2,8,2,9,2,10,2,11,true,12,true,13,2,14,3,15,2,16,1,17,1,18,3,200,account_question_id,OK
9,valuepropanswer,Discover opportunities without value2 in payload,1,1,2,,3,2,4,2,5,true,6,2,7,2,8,2,9,2,10,2,11,true,12,true,13,2,14,3,15,2,16,1,17,1,18,3,200,account_question_id,OK
10,valuepropanswer,Discover opportunities using invalid account_question_id3 in payload,1,1,2,true,abcd,2,4,2,5,true,6,2,7,2,8,2,9,2,10,2,11,true,12,true,13,2,14,3,15,2,16,1,17,1,18,3,200,account_question_id,OK
11,valuepropanswer,Discover opportunities without account_question_id3 in payload,1,1,2,true,,2,4,2,5,true,6,2,7,2,8,2,9,2,10,2,11,true,12,true,13,2,14,3,15,2,16,1,17,1,18,3,200,account_question_id,OK
12,valuepropanswer,Discover opportunities using invalid value3 in payload,1,1,2,true,3,abcd,4,2,5,true,6,2,7,2,8,2,9,2,10,2,11,true,12,true,13,2,14,3,15,2,16,1,17,1,18,3,200,account_question_id,OK
13,valuepropanswer,Discover opportunities without value3 in payload,1,1,2,true,3,,4,2,5,true,6,2,7,2,8,2,9,2,10,2,11,true,12,true,13,2,14,3,15,2,16,1,17,1,18,3,200,account_question_id,OK
14,valuepropanswer,Discover opportunities using invalid account_question_id4 in payload,1,1,2,true,3,2,abcd,2,5,true,6,2,7,2,8,2,9,2,10,2,11,true,12,true,13,2,14,3,15,2,16,1,17,1,18,3,200,account_question_id,OK
15,valuepropanswer,Discover opportunities without account_question_id4 in payload,1,1,2,true,3,2,,2,5,true,6,2,7,2,8,2,9,2,10,2,11,true,12,true,13,2,14,3,15,2,16,1,17,1,18,3,200,account_question_id,OK
16,valuepropanswer,Discover opportunities using invalid value4 in payload,1,1,2,true,3,2,4,abcd,5,true,6,2,7,2,8,2,9,2,10,2,11,true,12,true,13,2,14,3,15,2,16,1,17,1,18,3,200,null,OK
17,valuepropanswer,Discover opportunities without value4 in payload,1,1,2,true,3,2,4,,5,true,6,2,7,2,8,2,9,2,10,2,11,true,12,true,13,2,14,3,15,2,16,1,17,1,18,3,200,null,OK
18,valuepropanswer,Discover opportunities using invalid account_question_id5 in payload,1,1,2,true,3,2,4,2,abcd,true,6,2,7,2,8,2,9,2,10,2,11,true,12,true,13,2,14,3,15,2,16,1,17,1,18,3,200,account_question_id,OK
19,valuepropanswer,Discover opportunities without account_question_id5 in payload,1,1,2,true,3,2,4,2,,true,6,2,7,2,8,2,9,2,10,2,11,true,12,true,13,2,14,3,15,2,16,1,17,1,18,3,200,account_question_id,OK
20,valuepropanswer,Discover opportunities using invalid value5 in payload,1,1,2,true,3,2,4,2,5,abcd,6,2,7,2,8,2,9,2,10,2,11,true,12,true,13,2,14,3,15,2,16,1,17,1,18,3,200,account_question_id,OK
21,valuepropanswer,Discover opportunities without value5 in payload,1,1,2,true,3,2,4,2,5,,6,2,7,2,8,2,9,2,10,2,11,true,12,true,13,2,14,3,15,2,16,1,17,1,18,3,200,account_question_id,OK
22,valuepropanswer,Discover opportunities using invalid account_question_id6 in payload,1,1,2,true,3,2,4,2,5,true,abcd,2,7,2,8,2,9,2,10,2,11,true,12,true,13,2,14,3,15,2,16,1,17,1,18,3,200,account_question_id,OK
23,valuepropanswer,Discover opportunities without account_question_id6 in payload,1,1,2,true,3,2,4,2,5,true,,2,7,2,8,2,9,2,10,2,11,true,12,true,13,2,14,3,15,2,16,1,17,1,18,3,200,account_question_id,OK
24,valuepropanswer,Discover opportunities using invalid value6 in payload,1,1,2,true,3,2,4,2,5,true,6,abcd,7,2,8,2,9,2,10,2,11,true,12,true,13,2,14,3,15,2,16,1,17,1,18,3,200,account_question_id,OK
25,valuepropanswer,Discover opportunities without value6 in payload,1,1,2,true,3,2,4,2,5,true,6,,7,2,8,2,9,2,10,2,11,true,12,true,13,2,14,3,15,2,16,1,17,1,18,3,200,account_question_id,OK
26,valuepropanswer,Discover opportunities using invalid account_question_id7 in payload,1,1,2,true,3,2,4,2,5,true,6,2,abcd,2,8,2,9,2,10,2,11,true,12,true,13,2,14,3,15,2,16,1,17,1,18,3,200,account_question_id,OK
27,valuepropanswer,Discover opportunities without account_question_id7 in payload,1,1,2,true,3,2,4,2,5,true,6,2,,2,8,2,9,2,10,2,11,true,12,true,13,2,14,3,15,2,16,1,17,1,18,3,200,account_question_id,OK
28,valuepropanswer,Discover opportunities using invalid value7 in payload,1,1,2,true,3,2,4,2,5,true,6,2,7,abcd,8,2,9,2,10,2,11,true,12,true,13,2,14,3,15,2,16,1,17,1,18,3,200,account_question_id,OK
29,valuepropanswer,Discover opportunities without value7 in payload,1,1,2,true,3,2,4,2,5,true,6,2,7,,8,2,9,2,10,2,11,true,12,true,13,2,14,3,15,2,16,1,17,1,18,3,200,account_question_id,OK
30,valuepropanswer,Discover opportunities using invalid account_question_id8 in payload,1,1,2,true,3,2,4,2,5,true,6,2,7,2,abcd,2,9,2,10,2,11,true,12,true,13,2,14,3,15,2,16,1,17,1,18,3,200,account_question_id,OK
31,valuepropanswer,Discover opportunities without account_question_id8 in payload,1,1,2,true,3,2,4,2,5,true,6,2,7,2,,2,9,2,10,2,11,true,12,true,13,2,14,3,15,2,16,1,17,1,18,3,200,account_question_id,OK
32,valuepropanswer,Discover opportunities using invalid value8 in payload,1,1,2,true,3,2,4,2,5,true,6,2,7,2,8,abcd,9,2,10,2,11,true,12,true,13,2,14,3,15,2,16,1,17,1,18,3,200,account_question_id,OK
33,valuepropanswer,Discover opportunities without value8 in payload,1,1,2,true,3,2,4,2,5,true,6,2,7,2,8,,9,2,10,2,11,true,12,true,13,2,14,3,15,2,16,1,17,1,18,3,200,account_question_id,OK
34,valuepropanswer,Discover opportunities using invalid account_question_id9 in payload,1,1,2,true,3,2,4,2,5,true,6,2,7,2,8,2,abcd,2,10,2,11,true,12,true,13,2,14,3,15,2,16,1,17,1,18,3,200,account_question_id,OK
35,valuepropanswer,Discover opportunities without account_question_id9 in payload,1,1,2,true,3,2,4,2,5,true,6,2,7,2,8,2,,2,10,2,11,true,12,true,13,2,14,3,15,2,16,1,17,1,18,3,200,account_question_id,OK
36,valuepropanswer,Discover opportunities using invalid value9 in payload,1,1,2,true,3,2,4,2,5,true,6,2,7,2,8,2,9,abcd,10,2,11,true,12,true,13,2,14,3,15,2,16,1,17,1,18,3,200,account_question_id,OK
37,valuepropanswer,Discover opportunities without value9 in payload,1,1,2,true,3,2,4,2,5,true,6,2,7,2,8,2,9,,10,2,11,true,12,true,13,2,14,3,15,2,16,1,17,1,18,3,200,account_question_id,OK
38,valuepropanswer,Discover opportunities using invalid account_question_id10 in payload,1,1,2,true,3,2,4,2,5,true,6,2,7,2,8,2,9,2,abcd,2,11,true,12,true,13,2,14,3,15,2,16,1,17,1,18,3,200,account_question_id,OK
39,valuepropanswer,Discover opportunities without account_question_id10 in payload,1,1,2,true,3,2,4,2,5,true,6,2,7,2,8,2,9,2,,2,11,true,12,true,13,2,14,3,15,2,16,1,17,1,18,3,200,account_question_id,OK
40,valuepropanswer,Discover opportunities using invalid value10 in payload,1,1,2,true,3,2,4,2,5,true,6,2,7,2,8,2,9,2,10,abcd,11,true,12,true,13,2,14,3,15,2,16,1,17,1,18,3,200,null,OK
41,valuepropanswer,Discover opportunities without value10 in payload,1,1,2,true,3,2,4,2,5,true,6,2,7,2,8,2,9,2,10,,11,true,12,true,13,2,14,3,15,2,16,1,17,1,18,3,200,null,OK
42,valuepropanswer,Discover opportunities using invalid account_question_id11 in payload,1,1,2,true,3,2,4,2,5,true,6,2,7,2,8,2,9,2,10,2,abcd,true,12,true,13,2,14,3,15,2,16,1,17,1,18,3,200,account_question_id,OK
43,valuepropanswer,Discover opportunities without account_question_id11 in payload,1,1,2,true,3,2,4,2,5,true,6,2,7,2,8,2,9,2,10,2,,true,12,true,13,2,14,3,15,2,16,1,17,1,18,3,200,account_question_id,OK
44,valuepropanswer,Discover opportunities using invalid value11 in payload,1,1,2,true,3,2,4,2,5,true,6,2,7,2,8,2,9,2,10,2,11,abcd,12,true,13,2,14,3,15,2,16,1,17,1,18,3,200,null,OK
45,valuepropanswer,Discover opportunities without value11 in payload,1,1,2,true,3,2,4,2,5,true,6,2,7,2,8,2,9,2,10,2,11,,12,true,13,2,14,3,15,2,16,1,17,1,18,3,200,null,OK
46,valuepropanswer,Discover opportunities using invalid account_question_id12 in payload,1,1,2,true,3,2,4,2,5,true,6,2,7,2,8,2,9,2,10,2,11,true,abcd,true,13,2,14,3,15,2,16,1,17,1,18,3,200,account_question_id,OK
47,valuepropanswer,Discover opportunities without account_question_id12 in payload,1,1,2,true,3,2,4,2,5,true,6,2,7,2,8,2,9,2,10,2,11,true,,true,13,2,14,3,15,2,16,1,17,1,18,3,200,account_question_id,OK
48,valuepropanswer,Discover opportunities using invalid value12 in payload,1,1,2,true,3,2,4,2,5,true,6,2,7,2,8,2,9,2,10,2,11,true,12,abcd,13,2,14,3,15,2,16,1,17,1,18,3,200,account_question_id,OK
49,valuepropanswer,Discover opportunities without value12 in payload,1,1,2,true,3,2,4,2,5,true,6,2,7,2,8,2,9,2,10,2,11,true,12,,13,2,14,3,15,2,16,1,17,1,18,3,200,account_question_id,OK
50,valuepropanswer,Discover opportunities using invalid account_question_id13 in payload,1,1,2,true,3,2,4,2,5,true,6,2,7,2,8,2,9,2,10,2,11,true,12,true,abcd,2,14,3,15,2,16,1,17,1,18,3,200,account_question_id,OK
51,valuepropanswer,Discover opportunities without account_question_id13 in payload,1,1,2,true,3,2,4,2,5,true,6,2,7,2,8,2,9,2,10,2,11,true,12,true,,2,14,3,15,2,16,1,17,1,18,3,200,account_question_id,OK
52,valuepropanswer,Discover opportunities using invalid value13 in payload,1,1,2,true,3,2,4,2,5,true,6,2,7,2,8,2,9,2,10,2,11,true,12,true,13,abcd,14,3,15,2,16,1,17,1,18,3,200,account_question_id,OK
53,valuepropanswer,Discover opportunities without value13 in payload,1,1,2,true,3,2,4,2,5,true,6,2,7,2,8,2,9,2,10,2,11,true,12,true,13,,14,3,15,2,16,1,17,1,18,3,200,account_question_id,OK
54,valuepropanswer,Discover opportunities using invalid account_question_id14 in payload,1,1,2,true,3,2,4,2,5,true,6,2,7,2,8,2,9,2,10,2,11,true,12,true,13,2,abcd,3,15,2,16,1,17,1,18,3,200,account_question_id,OK
55,valuepropanswer,Discover opportunities without account_question_id14 in payload,1,1,2,true,3,2,4,2,5,true,6,2,7,2,8,2,9,2,10,2,11,true,12,true,13,2,,3,15,2,16,1,17,1,18,3,200,account_question_id,OK
56,valuepropanswer,Discover opportunities using invalidvalue14 in payload,1,1,2,true,3,2,4,2,5,true,6,2,7,2,8,2,9,2,10,2,11,true,12,true,13,2,14,abcd,15,2,16,1,17,1,18,3,200,account_question_id,OK
57,valuepropanswer,Discover opportunities without value14 in payload,1,1,2,true,3,2,4,2,5,true,6,2,7,2,8,2,9,2,10,2,11,true,12,true,13,2,14,,15,2,16,1,17,1,18,3,200,account_question_id,OK
58,valuepropanswer,Discover opportunities using invalid account_question_id15 in payload,1,1,2,true,3,2,4,2,5,true,6,2,7,2,8,2,9,2,10,2,11,true,12,true,13,2,14,3,abcd,2,16,1,17,1,18,3,200,account_question_id,OK
59,valuepropanswer,Discover opportunities without account_question_id15 in payload,1,1,2,true,3,2,4,2,5,true,6,2,7,2,8,2,9,2,10,2,11,true,12,true,13,2,14,3,,2,16,1,17,1,18,3,200,account_question_id,OK
60,valuepropanswer,Discover opportunities using invalid value15 in payload,1,1,2,true,3,2,4,2,5,true,6,2,7,2,8,2,9,2,10,2,11,true,12,true,13,2,14,3,15,abcd,16,1,17,1,18,3,200,account_question_id,OK
61,valuepropanswer,Discover opportunities without value15 in payload,1,1,2,true,3,2,4,2,5,true,6,2,7,2,8,2,9,2,10,2,11,true,12,true,13,2,14,3,15,,16,1,17,1,18,3,200,account_question_id,OK
62,valuepropanswer,Discover opportunities using invalid account_question_id16 in payload,1,1,2,true,3,2,4,2,5,true,6,2,7,2,8,2,9,2,10,2,11,true,12,true,13,2,14,3,15,2,abcd,1,17,1,18,3,200,account_question_id,OK
63,valuepropanswer,Discover opportunities without account_question_id16 in payload,1,1,2,true,3,2,4,2,5,true,6,2,7,2,8,2,9,2,10,2,11,true,12,true,13,2,14,3,15,2,,1,17,1,18,3,200,account_question_id,OK
64,valuepropanswer,Discover opportunities using invalid value16 in payload,1,1,2,true,3,2,4,2,5,true,6,2,7,2,8,2,9,2,10,2,11,true,12,true,13,2,14,3,15,2,16,abcd,17,1,18,3,200,account_question_id,OK
65,valuepropanswer,Discover opportunities without value16 in payload,1,1,2,true,3,2,4,2,5,true,6,2,7,2,8,2,9,2,10,2,11,true,12,true,13,2,14,3,15,2,16,,17,1,18,3,200,account_question_id,OK
66,valuepropanswer,Discover opportunities using invalid account_question_id17 in payload,1,1,2,true,3,2,4,2,5,true,6,2,7,2,8,2,9,2,10,2,11,true,12,true,13,2,14,3,15,2,16,1,abcd,1,18,3,200,account_question_id,OK
67,valuepropanswer,Discover opportunities without account_question_id17 in payload,1,1,2,true,3,2,4,2,5,true,6,2,7,2,8,2,9,2,10,2,11,true,12,true,13,2,14,3,15,2,16,1,,1,18,3,200,account_question_id,OK
68,valuepropanswer,Discover opportunities using invalid value17 in payload,1,1,2,true,3,2,4,2,5,true,6,2,7,2,8,2,9,2,10,2,11,true,12,true,13,2,14,3,15,2,16,1,17,abcd,18,3,200,account_question_id,OK
69,valuepropanswer,Discover opportunities without value17 in payload,1,1,2,true,3,2,4,2,5,true,6,2,7,2,8,2,9,2,10,2,11,true,12,true,13,2,14,3,15,2,16,1,17,,18,3,200,account_question_id,OK
70,valuepropanswer,Discover opportunities using invalid account_question_id18 in payload,1,1,2,true,3,2,4,2,5,true,6,2,7,2,8,2,9,2,10,2,11,true,12,true,13,2,14,3,15,2,16,1,17,1,abcd,3,200,account_question_id,OK
71,valuepropanswer,Discover opportunities without account_question_id18 in payload,1,1,2,true,3,2,4,2,5,true,6,2,7,2,8,2,9,2,10,2,11,true,12,true,13,2,14,3,15,2,16,1,17,1,,3,200,account_question_id,OK
72,valuepropanswer,Discover opportunities using invalid value18 in payload,1,1,2,true,3,2,4,2,5,true,6,2,7,2,8,2,9,2,10,2,11,true,12,true,13,2,14,3,15,2,16,1,17,1,18,abcd,200,account_question_id,OK
73,valuepropanswer,Discover opportunities without value18 in payload,1,1,2,true,3,2,4,2,5,true,6,2,7,2,8,2,9,2,10,2,11,true,12,true,13,2,14,3,15,2,16,1,17,1,18,,200,account_question_id,OK
74,valuepropanswer,Discover opportunities using invalid data in payload,abcd,abcd,abcd,abcd,abcd,abcd,abcd,abcd,abcd,abcd,abcd,abcd,abcd,abcd,abcd,abcd,abcd,abcd,abcd,abcd,abcd,abcd,abcd,abcd,abcd,abcd,abcd,abcd,abcd,abcd,abcd,abcd,abcd,abcd,abcd,abcd,200,null,OK
75,valuepropanswer,Discover opportunities without data in payload,,,,,,,,,,,,,,,,,,,,,,,,,,,,,,,,,,,,,200,null,OK
